2,-3
3,-20
4,-19
5,-20
6,-19
7,-20
8,-18
9,-20
10,-20
11,-20
12,-20
13,-19
14,-20
15,-19
16,-20
17,-20
18,-20
19,-18
20,-20
21,-18
22,-20
23,-20
24,-18
25,-18
26,-20
27,-18
28,-20
29,-20
30,-20
31,-20
32,-20
33,-20
34,-20
35,-19
36,-20
37,-20
38,-20
39,-18
40,-20
41,-19
42,-19
43,-18
44,-20
45,-19
46,-19
47,-19
48,-20
49,-19
50,-19
51,-20
52,-20
53,-18
54,-19
55,-20
56,-19
57,-20
58,-20
59,-20
60,-20
61,-20
62,-18
63,-20
64,-20
65,-20
66,-20
67,-18
68,-20
69,-20
70,-20
71,-20
72,-18
73,-18
74,-17
75,-20
76,-19
77,-20
78,-20
79,-20
80,-19
81,-20
82,-18
83,-19
84,-19
85,-20
86,-19
87,-20
88,-20
89,-19
90,-20
91,-20
92,-20
93,-20
94,-20
95,-20
96,-20
97,-20
98,-20
99,-19
100,-20
101,-18
102,-19
103,-18
104,-20
105,-20
106,-20
107,-20
108,-19
109,-20
110,-20
111,-19
112,-20
113,-19
114,-20
115,-20
116,-20
117,-20
118,-19
119,-19
120,-20
121,-20
122,-20
123,-19
124,-19
125,-20
126,-20
127,-19
128,-19
129,-19
130,-20
131,-19
132,-19
133,-20
134,-20
135,-20
136,-20
137,-20
138,-20
139,-20
140,-20
141,-20
142,-19
143,-17
144,-18
145,-20
146,-20
147,-20
148,-19
149,-20
150,-20
151,-18
152,-19
153,-20
154,-20
155,-20
156,-17
157,-19
158,-19
159,-20
160,-20
161,-20
162,-19
163,-20
164,-18
165,-20
166,-17
167,-19
168,-8
169,-19
170,-20
171,-19
172,-18
173,-20
174,-19
175,-20
176,-18
177,-18
178,-20
179,-19
180,-20
181,-20
182,-19
183,-19
184,-20
185,-19
186,-20
187,-20
188,-20
189,-20
190,-19
191,-20
192,-19
193,-19
194,-18
195,-20
196,-19
197,-19
198,-20
199,-20
200,-19
201,-20
202,-20
203,-20
204,-20
205,-20
206,-20
207,-20
208,-18
209,-20
210,-20
211,-18
212,-20
213,-19
214,-20
215,-19
216,-20
217,-20
218,-19
219,-19
220,-20
221,-20
222,-18
223,-20
224,-20
225,-19
226,-19
227,-18
228,-20
229,-20
230,-20
231,-19
232,-18
233,-19
234,-19
235,-19
236,-20
237,-20
238,-18
239,-18
240,-19
241,-20
242,-20
243,-20
244,-20
245,-19
246,-19
247,-19
248,-20
249,-19
250,-19
251,-20
252,-20
253,-20
254,-20
255,-20
256,-19
257,-20
258,-20
259,-18
260,-20
261,-19
262,-20
263,-20
264,-20
265,-19
266,-18
267,-20
268,-20
269,-20
270,-20
271,-20
272,-20
273,-20
274,-18
275,-20
276,-19
277,-20
278,-20
279,-20
280,-20
281,-20
282,-20
283,-20
284,-19
285,-19
286,-20
287,-19
288,-20
289,-19
290,-20
291,-20
292,-19
293,-20
294,-19
295,-20
296,-20
297,-20
298,-19
299,-20
300,-20
301,-20
302,-20
303,-19
304,-20
305,-20
306,-19
307,-19
308,-20
309,-19
310,-19
311,-20
312,-20
313,-19
314,-20
315,-20
316,-20
317,-19
318,-19
319,-19
320,-20
321,-20
322,-20
323,-20
324,-20
325,-20
326,-19
327,-19
328,-18
329,-20
330,-19
331,-20
332,-20
333,-20
334,-20
335,-20
336,0
337,-20
338,-20
339,-20
340,-19
341,-20
342,-19
343,-20
344,-20
345,-20
346,-20
347,-20
348,-20
349,-19
350,-20
351,-20
352,-20
353,-20
354,-19
355,-19
356,-19
357,-18
358,-20
359,-18
360,-20
361,-19
362,-20
363,-20
364,-19
365,-19
366,-20
367,-20
368,-20
369,-19
370,-20
371,-20
372,-20
373,-20
374,-20
375,-20
376,-19
377,-20
378,-20
379,-20
380,-20
381,-20
382,-19
383,-20
384,-19
385,-19
386,-20
387,-19
388,-20
389,-20
390,-20
391,-18
392,-19
393,-19
394,-18
395,-20
396,-20
397,-20
398,-17
399,-18
400,-18
401,-20
402,-20
403,-18
404,-20
405,-20
406,-19
407,-19
408,-20
409,-19
410,-19
411,-20
412,-20
413,-20
414,-18
415,-20
416,-20
417,-20
418,-19
419,-20
420,-19
421,-20
422,-20
423,-19
424,-20
425,-20
426,-20
427,-20
428,-18
429,-20
430,-20
431,-20
432,-20
433,-20
434,-19
435,-20
436,-20
437,-20
438,-20
439,-20
440,-20
441,-20
442,-20
443,-18
444,-19
445,-19
446,-19
447,-20
448,-20
449,-20
450,-20
451,-20
452,-19
453,-19
454,-20
455,-20
456,-20
457,-20
458,-18
459,-20
460,-20
461,-20
462,-20
463,-19
464,-20
465,-19
466,-20
467,-19
468,-20
469,-20
470,-20
471,-19
472,-19
473,-20
474,-20
475,-20
476,-20
477,-19
478,-19
479,-20
480,-20
481,-20
482,-19
483,-19
484,-20
485,-20
486,-16
487,-20
488,-19
489,-18
490,-20
491,-20
492,-20
493,-20
494,-19
495,-20
496,-20
497,-20
498,-19
499,-20
500,-20
501,-20
502,-19
503,-20
504,-20
505,-20
506,-9
507,-20
508,-20
509,-20
510,-20
511,-19
512,-20
513,-17
514,-19
515,-20
516,-20
517,-20
518,-20
519,-20
520,-19
521,-20
522,-20
523,-19
524,-20
525,-20
526,-20
527,-20
528,-19
529,-19
530,-19
531,-19
532,-18
533,-20
534,-20
535,-20
536,-20
537,-20
538,-20
539,-20
540,-18
541,-19
542,-19
543,-20
544,-19
545,-20
546,-20
547,-20
548,-20
549,-17
550,-20
551,-20
552,-20
553,-20
554,-18
555,-19
556,-20
557,-18
558,-19
559,-20
560,-19
561,-20
562,-19
563,-20
564,-20
565,-20
566,-19
567,-19
568,-20
569,-19
570,-20
571,-19
572,-19
573,-19
574,-19
575,-20
576,-20
577,-20
578,-19
579,-20
580,-19
581,-20
582,-20
583,-20
584,-19
585,-20
586,-20
587,-20
588,-19
589,-20
590,-20
591,-19
592,-19
593,-20
594,-20
595,-20
596,-19
597,-20
598,-20
599,-20
600,-20
601,-20
602,-20
603,-19
604,-20
605,-20
606,-20
607,-20
608,-20
609,-20
610,-19
611,-20
612,-19
613,-20
614,-20
615,-20
616,-18
617,-18
618,-20
619,-20
620,-20
621,-19
622,-19
623,-19
624,-20
625,-19
626,-20
627,-20
628,-19
629,-19
630,-20
631,-18
632,-20
633,-20
634,-20
635,-20
636,-20
637,-19
638,-20
639,-20
640,-20
641,-20
642,-19
643,-20
644,-19
645,-20
646,-20
647,-20
648,-19
649,-20
650,-20
651,-19
652,-20
653,-20
654,-19
655,-20
656,-18
657,-20
658,-20
659,-18
660,-19
661,-20
662,-19
663,-19
664,-20
665,-19
666,-20
667,-20
668,-20
669,-19
670,-18
671,-20
672,-19
673,-20
674,-20
675,-20
676,-20
677,-20
678,-18
679,-20
680,-19
681,-20
682,-20
683,-20
684,-19
685,-19
686,-20
687,-20
688,-20
689,-19
690,-20
691,-20
692,-20
693,-19
694,-16
695,-20
696,-20
697,-18
698,-19
699,-19
700,-20
701,-19
702,-20
703,-18
704,-20
705,-20
706,-19
707,-20
708,-19
709,-20
710,-20
711,-20
712,-19
713,-20
714,-20
715,-20
716,-20
717,-20
718,-20
719,-20
720,-20
721,-18
722,-20
723,-20
724,-20
725,-20
726,-19
727,-20
728,-20
729,-20
730,-20
731,-15
732,-20
733,-20
734,-17
735,-18
736,-20
737,-19
738,-20
739,-20
740,-19
741,-20
742,-20
743,-20
744,-19
745,-20
746,-18
747,-19
748,-20
749,-20
750,-20
751,-20
752,-19
753,-20
754,-20
755,-19
756,-20
757,-19
758,-20
759,-19
760,-19
761,-20
762,-20
763,-20
764,-20
765,-20
766,-20
767,-19
768,-18
769,-20
770,-20
771,-20
772,-20
773,-20
774,-20
775,-20
776,-20
777,-20
778,-20
779,-20
780,-20
781,-20
782,-19
783,-20
784,-20
785,-19
786,-20
787,-19
788,-20
789,-20
790,-20
791,-20
792,-20
793,-19
794,-20
795,-19
796,-19
797,-20
798,-20
799,-17
800,-20
801,-20
802,-18
803,-19
804,-19
805,-20
806,-20
807,-19
808,-20
809,-18
810,-20
811,-19
812,-19
813,-20
814,-20
815,-20
816,-19
817,-20
818,-20
819,-20
820,-19
821,-20
822,-20
823,-20
824,-20
825,-20
826,-19
827,-20
828,-19
829,-19
830,-19
831,-19
832,-20
833,-20
834,-20
835,-20
836,-20
837,-20
838,-20
839,-20
840,-20
841,-19
842,-20
843,-20
844,-20
845,-19
846,-20
847,-20
848,-19
849,-10
850,-19
851,-19
852,-20
853,-19
854,-20
855,-20
856,-19
857,-20
858,-19
859,-19
860,-20
861,-20
862,-20
863,-18
864,-19
865,-18
866,-20
867,-19
868,-20
869,-20
870,-18
871,-19
872,-19
873,-19
874,-20
875,-18
876,-20
877,-20
878,-20
879,-19
880,-17
881,-19
882,-19
883,-20
884,-19
885,-20
886,-19
887,-20
888,-19
889,-20
890,-18
891,-20
892,-18
893,-18
894,-20
895,-20
896,-19
897,-19
898,-19
899,-19
900,-20
901,-18
902,-20
903,-19
904,-20
905,-19
906,-20
907,-19
908,-20
909,-20
910,-20
911,-20
912,-20
913,-19
914,-18
915,-19
916,-20
917,-20
918,-19
919,-20
920,-20
921,-20
922,-20
923,-19
924,-20
925,-20
926,-18
927,-20
928,-20
929,-19
930,-19
931,-20
932,-18
933,-20
934,-19
935,-20
936,-20
937,-20
938,-20
939,-20
940,-19
941,-20
942,-20
943,-20
944,-20
945,-20
946,-20
947,-20
948,-20
949,-20
950,-20
951,-19
952,-20
953,-20
954,-20
955,-20
956,-20
957,-19
958,-20
959,-20
960,-19
961,-20
962,-20
963,-20
964,-20
965,-19
966,-18
967,-18
968,-20
969,-19
970,-20
971,-19
972,-20
973,-20
974,-19
975,-20
976,-20
977,-20
978,-18
979,-19
980,-20
981,-20
982,-20
983,-20
984,-20
985,-19
986,-18
987,-19
988,-20
989,-20
990,-20
991,-19
992,-19
993,-20
994,-19
995,-20
996,-20
997,-19
998,-19
999,-19
1000,-20
1001,-19
1002,-19
1003,-20
1004,-19
1005,-19
1006,-19
1007,-20
1008,-20
1009,-20
1010,-19
1011,-19
1012,-20
1013,-20
1014,-20
1015,-16
1016,-20
1017,-19
1018,-19
1019,-20
1020,-19
1021,-20
1022,-18
1023,-19
1024,-20
1025,-20
1026,-19
1027,-20
1028,-20
1029,-20
1030,-20
1031,-19
1032,-19
1033,-18
1034,-20
1035,-20
1036,-20
1037,-20
1038,-20
1039,-20
1040,-20
1041,-20
1042,-19
1043,-20
1044,-20
1045,-20
1046,-19
1047,-19
1048,-19
1049,-20
1050,-20
1051,-18
1052,-19
1053,-20
1054,-19
1055,-19
1056,-20
1057,-19
1058,-20
1059,-20
1060,-19
1061,-20
1062,-19
1063,-20
1064,-17
1065,-19
1066,-20
1067,-20
1068,-19
1069,-18
1070,-20
1071,-18
1072,-20
1073,-18
1074,-19
1075,-19
1076,-19
1077,-20
1078,-20
1079,-19
1080,-20
1081,-19
1082,-19
1083,-19
1084,-19
1085,-20
1086,-18
1087,-19
1088,-20
1089,-20
1090,-20
1091,-19
1092,-20
1093,-19
1094,-20
1095,-19
1096,-20
1097,-20
1098,-20
1099,-18
1100,-20
1101,-19
1102,-20
1103,-20
1104,-18
1105,-18
1106,-20
1107,-19
1108,-19
1109,-19
1110,-20
1111,-20
1112,-19
1113,-19
1114,-19
1115,-20
1116,-20
1117,-20
1118,-18
1119,-20
1120,-20
1121,-19
1122,-19
1123,-20
1124,-19
1125,-20
1126,-20
1127,-19
1128,-20
1129,-20
1130,-20
1131,-18
1132,-20
1133,-18
1134,-19
1135,-19
1136,-20
1137,-20
1138,-19
1139,-20
1140,-20
1141,-20
1142,-20
1143,-20
1144,-19
1145,-18
1146,-19
1147,-18
1148,-20
1149,-19
1150,-18
1151,-20
1152,-20
1153,-18
1154,-20
1155,-19
1156,-18
1157,-20
1158,-19
1159,-20
1160,-20
1161,-19
1162,-19
1163,-20
1164,-20
1165,-17
1166,-20
1167,-20
1168,-18
1169,-20
1170,-20
1171,-20
1172,-20
1173,-18
1174,-19
1175,-20
1176,-19
1177,-20
1178,-19
1179,-19
1180,-19
1181,-19
1182,-20
1183,-14
1184,-20
1185,-20
1186,-20
1187,-17
1188,-19
1189,-20
1190,-20
1191,-19
1192,-20
1193,-19
1194,-20
1195,-20
1196,-20
1197,-20
1198,-20
1199,-17
1200,-20
1201,-19
1202,-20
1203,-20
1204,-18
1205,-20
1206,-18
1207,-20
1208,-19
1209,-20
1210,-20
1211,-19
1212,-19
1213,-19
1214,-18
1215,-19
1216,-20
1217,-19
1218,-20
1219,-20
1220,-19
1221,-19
1222,-20
1223,-20
1224,-20
1225,-20
1226,-20
1227,-19
1228,-19
1229,-20
1230,-19
1231,-20
1232,-20
1233,-19
1234,-20
1235,-19
1236,-19
1237,-19
1238,-19
1239,-20
1240,-20
1241,-18
1242,-20
1243,-18
1244,-20
1245,-19
1246,-18
1247,-20
1248,-19
1249,-20
1250,-20
1251,-20
1252,-19
1253,-20
1254,-20
1255,-20
1256,-20
1257,-20
1258,-20
1259,-20
1260,-18
1261,-20
1262,-17
1263,-18
1264,-19
1265,-19
1266,-19
1267,-20
1268,-20
1269,-20
1270,-18
1271,-20
1272,-19
1273,-20
1274,-19
1275,-19
1276,-19
1277,-20
1278,-19
1279,-20
1280,-20
1281,-19
1282,-19
1283,-20
1284,-20
1285,-18
1286,-20
1287,-19
1288,-18
1289,-20
1290,-19
1291,-18
1292,-20
1293,-20
1294,-20
1295,-20
1296,-19
1297,-20
1298,-19
1299,-20
1300,-20
1301,-20
1302,-20
1303,-20
1304,-19
1305,-18
1306,-20
1307,-20
1308,-20
1309,-20
1310,-20
1311,-20
1312,-18
1313,-19
1314,-19
1315,-20
1316,-20
1317,-20
1318,-19
1319,-19
1320,-20
1321,-20
1322,-19
1323,-19
1324,-18
1325,-19
1326,-19
1327,-19
1328,-19
1329,-20
1330,-18
1331,-20
1332,-20
1333,-20
1334,-19
1335,-19
1336,-17
1337,-19
1338,-20
1339,-19
1340,-20
1341,-20
1342,-20
1343,-20
1344,-19
1345,-19
1346,-20
1347,-19
1348,-17
1349,-8
1350,-19
1351,-20
1352,-19
1353,-19
1354,-20
1355,-19
1356,-20
1357,-20
1358,-20
1359,-18
1360,-19
1361,-19
1362,-19
1363,-19
1364,-20
1365,-19
1366,-20
1367,-19
1368,-18
1369,-19
1370,-18
1371,-19
1372,-19
1373,-20
1374,-20
1375,-20
1376,-20
1377,-17
1378,-19
1379,-20
1380,-20
1381,-18
1382,-19
1383,-20
1384,-20
1385,-20
1386,-19
1387,-18
1388,-20
1389,-19
1390,-20
1391,-20
1392,-20
1393,-20
1394,-20
1395,-19
1396,-20
1397,-19
1398,-19
1399,-20
1400,-19
1401,-19
1402,-20
1403,-19
1404,-20
1405,-20
1406,-20
1407,-19
1408,-19
1409,-20
1410,-20
1411,-18
1412,-19
1413,-19
1414,-18
1415,-18
1416,-20
1417,-20
1418,-20
1419,-19
1420,-19
1421,-19
1422,-19
1423,-20
1424,-18
1425,-20
1426,-18
1427,-19
1428,-20
1429,-20
1430,-19
1431,-19
1432,-20
1433,-19
1434,-20
1435,-20
1436,-17
1437,-20
1438,-20
1439,-19
1440,-20
1441,-20
1442,-20
1443,-20
1444,-19
1445,-19
1446,-19
1447,-18
1448,-20
1449,-18
1450,-20
1451,-20
1452,-20
1453,-18
1454,-20
1455,-20
1456,-20
1457,-18
1458,-19
1459,-20
1460,-19
1461,-20
1462,-19
1463,-17
1464,-19
1465,-20
1466,-19
1467,-20
1468,-19
1469,-19
1470,-20
1471,-18
1472,-19
1473,-20
1474,-18
1475,-19
1476,-19
1477,-19
1478,-19
1479,-20
1480,-19
1481,-19
1482,-20
1483,-18
1484,-20
1485,-20
1486,-19
1487,-18
1488,-19
1489,-19
1490,-20
1491,-20
1492,-20
1493,-19
1494,-20
1495,-20
1496,-20
1497,-20
1498,-20
1499,-17
1500,-19
1501,-18
1502,-20
1503,-19
1504,-20
1505,-20
1506,-19
1507,-19
1508,-19
1509,-19
1510,-20
1511,-20
1512,-20
1513,-19
1514,-9
1515,-19
1516,-19
1517,-20
1518,-20
1519,-19
1520,-20
1521,-18
1522,-20
1523,-18
1524,-19
1525,-20
1526,-19
1527,-20
1528,-19
1529,-18
1530,-20
1531,-18
1532,-20
1533,-20
1534,-19
1535,-20
1536,-18
1537,-18
1538,-20
1539,-17
1540,-20
1541,-20
1542,-20
1543,-20
1544,-19
1545,-19
1546,-20
1547,-20
1548,-20
1549,-19
1550,-19
1551,-20
1552,-20
1553,-20
1554,-19
1555,-20
1556,-20
1557,-20
1558,-20
1559,-20
1560,-20
1561,-20
1562,-19
1563,-19
1564,-20
1565,-20
1566,-20
1567,-20
1568,-19
1569,-19
1570,-19
1571,-19
1572,-18
1573,-20
1574,-19
1575,-20
1576,-19
1577,-20
1578,-19
1579,-19
1580,-20
1581,-19
1582,-19
1583,-19
1584,-20
1585,-20
1586,-20
1587,-17
1588,-19
1589,-19
1590,-20
1591,-19
1592,-19
1593,-19
1594,-20
1595,-20
1596,-20
1597,-20
1598,-20
1599,-19
1600,-19
1601,-20
1602,-19
1603,-18
1604,-20
1605,-20
1606,-19
1607,-18
1608,-19
1609,-19
1610,-20
1611,-19
1612,-20
1613,-19
1614,-19
1615,-20
1616,-18
1617,-20
1618,-19
1619,-19
1620,-19
1621,-19
1622,-20
1623,-19
1624,-19
1625,-20
1626,-20
1627,-20
1628,-20
1629,-18
1630,-20
1631,-19
1632,-19
1633,-19
1634,-20
1635,-19
1636,-19
1637,-20
1638,-18
1639,-19
1640,-20
1641,-19
1642,-20
1643,-19
1644,-20
1645,-20
1646,-19
1647,-19
1648,-18
1649,-20
1650,-19
1651,-19
1652,-19
1653,-20
1654,-18
1655,-20
1656,-18
1657,-18
1658,-19
1659,-20
1660,-20
1661,-19
1662,-20
1663,-20
1664,-18
1665,-20
1666,-19
1667,-20
1668,-19
1669,-18
1670,-19
1671,-20
1672,-17
1673,-20
1674,-19
1675,-19
1676,-20
1677,-20
1678,-19
1679,-19
1680,-19
1681,-15
1682,-19
1683,-20
1684,-18
1685,-17
1686,-20
1687,-20
1688,-20
1689,-19
1690,-19
1691,-17
1692,-18
1693,-20
1694,-20
1695,-20
1696,-20
1697,-20
1698,-17
1699,-20
1700,-20
1701,-20
1702,-20
1703,-20
1704,-18
1705,-20
1706,-20
1707,-20
1708,-20
1709,-18
1710,-18
1711,-19
1712,-20
1713,-20
1714,-19
1715,-20
1716,-19
1717,-18
1718,-20
1719,-20
1720,-20
1721,-20
1722,-18
1723,-18
1724,-19
1725,-19
1726,-20
1727,-19
1728,-19
1729,-20
1730,-20
1731,-19
1732,-20
1733,-19
1734,-19
1735,-19
1736,-20
1737,-19
1738,-20
1739,-19
1740,-20
1741,-20
1742,-19
1743,-19
1744,-20
1745,-20
1746,-20
1747,-20
1748,-20
1749,-18
1750,-19
1751,-20
1752,-20
1753,-20
1754,-18
1755,-19
1756,-19
1757,-19
1758,-20
1759,-18
1760,-18
1761,-20
1762,-19
1763,-18
1764,-18
1765,-19
1766,-18
1767,-16
1768,-19
1769,-18
1770,-19
1771,-18
1772,-20
1773,-20
1774,-20
1775,-20
1776,-18
1777,-20
1778,-19
1779,-18
1780,-20
1781,-16
1782,-19
1783,-20
1784,-18
1785,-18
1786,-20
1787,-20
1788,-19
1789,-19
1790,-20
1791,-20
1792,-20
1793,-19
1794,-19
1795,-20
1796,-20
1797,-19
1798,-19
1799,-19
1800,-20
1801,-16
1802,-19
1803,-19
1804,-20
1805,-20
1806,-19
1807,-19
1808,-19
1809,-19
1810,-20
1811,-20
1812,-20
1813,-20
1814,-18
1815,-20
1816,-18
1817,-20
1818,-20
1819,-17
1820,-19
1821,-20
1822,-19
1823,-20
1824,-18
1825,-18
1826,-19
1827,-20
1828,-20
1829,-19
1830,-20
1831,-20
1832,-20
1833,-19
1834,-17
1835,-19
1836,-20
1837,-20
1838,-19
1839,-20
1840,-19
1841,-19
1842,-20
1843,-20
1844,0
1845,-20
1846,-20
1847,-18
1848,-20
1849,-20
1850,-20
1851,-20
1852,-20
1853,-20
1854,-19
1855,-19
1856,-20
1857,-20
1858,-20
1859,-19
1860,-19
1861,-18
1862,-19
1863,-19
1864,-19
1865,-19
1866,-19
1867,-20
1868,-20
1869,-19
1870,-16
1871,-20
1872,-17
1873,-20
1874,-20
1875,-20
1876,-18
1877,-19
1878,-19
1879,-17
1880,-20
1881,-19
1882,-19
1883,-19
1884,-19
1885,-20
1886,-20
1887,-19
1888,-17
1889,-20
1890,-20
1891,-20
1892,-20
1893,-19
1894,-19
1895,-20
1896,-20
1897,-19
1898,-20
1899,-19
1900,-20
1901,-19
1902,-20
1903,-19
1904,-20
1905,-20
1906,-20
1907,-20
1908,-16
1909,-20
1910,-19
1911,-20
1912,-19
1913,-19
1914,-20
1915,-19
1916,-17
1917,-17
1918,-20
1919,-19
1920,-20
1921,-19
1922,-18
1923,-17
1924,-20
1925,-20
1926,-20
1927,-19
1928,-17
1929,-20
1930,-19
1931,-20
1932,-17
1933,-19
1934,-17
1935,-20
1936,-18
1937,-20
1938,-18
1939,-18
1940,-18
1941,-15
1942,-19
1943,-19
1944,-19
1945,-17
1946,-19
1947,-18
1948,-19
1949,-16
1950,-19
1951,-20
1952,-18
1953,-20
1954,-19
1955,-18
1956,-19
1957,-20
1958,-18
1959,-18
1960,-18
1961,-17
1962,-20
1963,-20
1964,-17
1965,-18
1966,-17
1967,-19
1968,-20
1969,-20
1970,-18
1971,-17
1972,-17
1973,-16
1974,-20
1975,-20
1976,-18
1977,-19
1978,-19
1979,-17
1980,-19
1981,-19
1982,-18
1983,-18
1984,-17
1985,-19
1986,-20
1987,-20
1988,-18
1989,-19
1990,-20
1991,-19
1992,-19
1993,-19
1994,-17
1995,-20
1996,-20
1997,-18
1998,-19
1999,-19
2000,-19
2001,-18
2002,-20
2003,-19
2004,-14
2005,-20
2006,-18
2007,-18
2008,-18
2009,-19
2010,-19
2011,-19
2012,-18
2013,-20
2014,-18
2015,-20
2016,-17
2017,-18
2018,-20
2019,-19
2020,-19
2021,-20
2022,-19
2023,-17
2024,-19
2025,-19
2026,-19
2027,-20
2028,-19
2029,-20
2030,-18
2031,-18
2032,-18
2033,-18
2034,-17
2035,-17
2036,-19
2037,-19
2038,-18
2039,-18
2040,-19
2041,-17
2042,-18
2043,-17
2044,-16
2045,-19
2046,-18
2047,-18
2048,-18
2049,-20
2050,-18
2051,-19
2052,-18
2053,-19
2054,-20
2055,-18
2056,-20
2057,-18
2058,-19
2059,-17
2060,-17
2061,-19
2062,-18
2063,-18
2064,-17
2065,-18
2066,-19
2067,-17
2068,-18
2069,-18
2070,-18
2071,-17
2072,-16
2073,-20
2074,-17
2075,-19
2076,-17
2077,-18
2078,-19
2079,-14
2080,-19
2081,-19
2082,-18
2083,-18
2084,-18
2085,-18
2086,-19
2087,-19
2088,-18
2089,-19
2090,-17
2091,-20
2092,-17
2093,-20
2094,-18
2095,-19
2096,-16
2097,-19
2098,-20
2099,-20
2100,-16
2101,-19
2102,-17
2103,-18
2104,-17
2105,-18
2106,-18
2107,-17
2108,-17
2109,-17
2110,-20
2111,-18
2112,-19
2113,-17
2114,-18
2115,-16
2116,-19
2117,-19
2118,-18
2119,-16
2120,-19
2121,-18
2122,-20
2123,-20
2124,-19
2125,-17
2126,-19
2127,-17
2128,-18
2129,-18
2130,-18
2131,-8
2132,-16
2133,-18
2134,-19
2135,-19
2136,-18
2137,-19
2138,-18
2139,-17
2140,-18
2141,-19
2142,-19
2143,-20
2144,-17
2145,-16
2146,-19
2147,-18
2148,-18
2149,-18
2150,-19
2151,-20
2152,-18
2153,-18
2154,-19
2155,-19
2156,-18
2157,-18
2158,-18
2159,-17
2160,-16
2161,-15
2162,-18
2163,-17
2164,-19
2165,-20
2166,-19
2167,-18
2168,-19
2169,-19
2170,-19
2171,-18
2172,-19
2173,-15
2174,-19
2175,-16
2176,-19
2177,-19
2178,-19
2179,-19
2180,-17
2181,-15
2182,-18
2183,-19
2184,-16
2185,-18
2186,-19
2187,-18
2188,-19
2189,-14
2190,-17
2191,-20
2192,-16
2193,-18
2194,-18
2195,-19
2196,-19
2197,-18
2198,-17
2199,-15
2200,-17
2201,-16
2202,-17
2203,-14
2204,-18
2205,-19
2206,-14
2207,-17
2208,-20
2209,-18
2210,-19
2211,-16
2212,-17
2213,-20
2214,-19
2215,-20
2216,-20
2217,-16
2218,-18
2219,-19
2220,-19
2221,-20
2222,-14
2223,-17
2224,-19
2225,-18
2226,-19
2227,-19
2228,-18
2229,-17
2230,-19
2231,-19
2232,-19
2233,-19
2234,-19
2235,-15
2236,-17
2237,-18
2238,-19
2239,-16
2240,-14
2241,-18
2242,-17
2243,-19
2244,-17
2245,-18
2246,-16
2247,-19
2248,-18
2249,-19
2250,-17
2251,-16
2252,-17
2253,-19
2254,-17
2255,-16
2256,-16
2257,-9
2258,-20
2259,-18
2260,-18
2261,-18
2262,-19
2263,-16
2264,-18
2265,-19
2266,-17
2267,-17
2268,-18
2269,-20
2270,-16
2271,-16
2272,-20
2273,-16
2274,-19
2275,-20
2276,-18
2277,-19
2278,-20
2279,-18
2280,-16
2281,-20
2282,-18
2283,-18
2284,-19
2285,-20
2286,-19
2287,-17
2288,-20
2289,-19
2290,-17
2291,-19
2292,-19
2293,-17
2294,-16
2295,-19
2296,-17
2297,-16
2298,-14
2299,-17
2300,-18
2301,-19
2302,-16
2303,-17
2304,-17
2305,-19
2306,-16
2307,-18
2308,-19
2309,-17
2310,-18
2311,-17
2312,-18
2313,-17
2314,-16
2315,-16
2316,-17
2317,-18
2318,-15
2319,-20
2320,-19
2321,-17
2322,-18
2323,-18
2324,-20
2325,-18
2326,-19
2327,-18
2328,-20
2329,-14
2330,-19
2331,-19
2332,-19
2333,-18
2334,-15
2335,-18
2336,-18
2337,-16
2338,-19
2339,-15
2340,-19
2341,-15
2342,-20
2343,-19
2344,-19
2345,-13
2346,-18
2347,-18
2348,-17
2349,-16
2350,-19
2351,-18
2352,-19
2353,-20
2354,-17
2355,-19
2356,-19
2357,-19
2358,-14
2359,-16
2360,-17
2361,-19
2362,-16
2363,-17
2364,-16
2365,-19
2366,-17
2367,-16
2368,-18
2369,-18
2370,-18
2371,-17
2372,-19
2373,-17
2374,-20
2375,-15
2376,-18
2377,-20
2378,-17
2379,-16
2380,-19
2381,-17
2382,-20
2383,-17
2384,-17
2385,-18
2386,-17
2387,-17
2388,-18
2389,-19
2390,-18
2391,-17
2392,-19
2393,-18
2394,-16
2395,-17
2396,-16
2397,-16
2398,-18
2399,-17
2400,-18
2401,-15
2402,-18
2403,-15
2404,-18
2405,-16
2406,-17
2407,-19
2408,-15
2409,-15
2410,-18
2411,-18
2412,-19
2413,-17
2414,-20
2415,-20
2416,-17
2417,-17
2418,-18
2419,-19
2420,-16
2421,-18
2422,-18
2423,-19
2424,-17
2425,-18
2426,-17
2427,-17
2428,-19
2429,-18
2430,-18
2431,-19
2432,-17
2433,-18
2434,-18
2435,-18
2436,-20
2437,-18
2438,-20
2439,-15
2440,-17
2441,-16
2442,-18
2443,-20
2444,-17
2445,-19
2446,-19
2447,-18
2448,-16
2449,-16
2450,-15
2451,-19
2452,-17
2453,-16
2454,-16
2455,-18
2456,-16
2457,-20
2458,-18
2459,-17
2460,-14
2461,-20
2462,-17
2463,-17
2464,-14
2465,-17
2466,-18
2467,-19
2468,-16
2469,-16
2470,-16
2471,-17
2472,-18
2473,-15
2474,-17
2475,-16
2476,-17
2477,-17
2478,-20
2479,-18
2480,-16
2481,-16
2482,-17
2483,-16
2484,-19
2485,-18
2486,-15
2487,-16
2488,-18
2489,-20
2490,-16
2491,-19
2492,-17
2493,-18
2494,-17
2495,-12
2496,-16
2497,-15
2498,-20
2499,-18
2500,-20
2501,-20
2502,-18
2503,-20
2504,-9
2505,-16
2506,-19
2507,-18
2508,-18
2509,-18
2510,-19
2511,-15
2512,-17
2513,-17
2514,-17
2515,-19
2516,-20
2517,-18
2518,-14
2519,-16
2520,-18
2521,-15
2522,-15
2523,-18
2524,-19
2525,-17
2526,-18
2527,-18
2528,-15
2529,-19
2530,-20
2531,-18
2532,-16
2533,-19
2534,-17
2535,-19
2536,-18
2537,-17
2538,-19
2539,-18
2540,-17
2541,-18
2542,-19
2543,-18
2544,-17
2545,-18
2546,-19
2547,-18
2548,-17
2549,-19
2550,-15
2551,-18
2552,-19
2553,-19
2554,-16
2555,-19
2556,-16
2557,-16
2558,-15
2559,-19
2560,-18
2561,-18
2562,-19
2563,-18
2564,-18
2565,-17
2566,-15
2567,-17
2568,-16
2569,-18
2570,-16
2571,-18
2572,-17
2573,-17
2574,-16
2575,-16
2576,-19
2577,-18
2578,-18
2579,-14
2580,-15
2581,-14
2582,-14
2583,-19
2584,-18
2585,-19
2586,-18
2587,-18
2588,-17
2589,-17
2590,-20
2591,-15
2592,-19
2593,-19
2594,-17
2595,-16
2596,-16
2597,-16
2598,-20
2599,-20
2600,-18
2601,-15
2602,-19
2603,-17
2604,-14
2605,-17
2606,-16
2607,-19
2608,-17
2609,-18
2610,-14
2611,-18
2612,-17
2613,-17
2614,-13
2615,-17
2616,-17
2617,-18
2618,-18
2619,-17
2620,-16
2621,-16
2622,-9
2623,-16
2624,-16
2625,-15
2626,-16
2627,-17
2628,-17
2629,-15
2630,-14
2631,-18
2632,-15
2633,-16
2634,-16
2635,-18
2636,-19
2637,-18
2638,-17
2639,-19
2640,-19
2641,-16
2642,-16
2643,-15
2644,-15
2645,-16
2646,-20
2647,-14
2648,-19
2649,-19
2650,-18
2651,-19
2652,-17
2653,-18
2654,-17
2655,-17
2656,-18
2657,-15
2658,-13
2659,-17
2660,-18
2661,-19
2662,-16
2663,-16
2664,-18
2665,-18
2666,-19
2667,-17
2668,-17
2669,-18
2670,-15
2671,-15
2672,-18
2673,-16
2674,-18
2675,-17
2676,-16
2677,-18
2678,-17
2679,-17
2680,-17
2681,-14
2682,-17
2683,-17
2684,-19
2685,-18
2686,-15
2687,-17
2688,-17
2689,-18
2690,-15
2691,-17
2692,-19
2693,-17
2694,-18
2695,-16
2696,-15
2697,-18
2698,-15
2699,-17
2700,-18
2701,-20
2702,-18
2703,-18
2704,-17
2705,-17
2706,-18
2707,-14
2708,-17
2709,-17
2710,-19
2711,-14
2712,-15
2713,-16
2714,-16
2715,-16
2716,-18
2717,-16
2718,-15
2719,-17
2720,-18
2721,-18
2722,-13
2723,-18
2724,-17
2725,-14
2726,-16
2727,-14
2728,-15
2729,-15
2730,-17
2731,-18
2732,-16
2733,-17
2734,-15
2735,-18
2736,-6
2737,-18
2738,-16
2739,-15
2740,-18
2741,-16
2742,-16
2743,-14
2744,-19
2745,-18
2746,-18
2747,-17
2748,-19
2749,-15
2750,-19
2751,-16
2752,-16
2753,-17
2754,-17
2755,-15
2756,-14
2757,-16
2758,-17
2759,-16
2760,-18
2761,-17
2762,-19
2763,-14
2764,-16
2765,-18
2766,-16
2767,-16
2768,-14
2769,-17
2770,-12
2771,-18
2772,-19
2773,-14
2774,-19
2775,-18
2776,-19
2777,-17
2778,-13
2779,-18
2780,-16
2781,-16
2782,-17
2783,-16
2784,-19
2785,-17
2786,-13
2787,-17
2788,-18
2789,-15
2790,-13
2791,-15
2792,-15
2793,-18
2794,-16
2795,-16
2796,-15
2797,-18
2798,-14
2799,-17
2800,-14
2801,-18
2802,-16
2803,-18
2804,-16
2805,-15
2806,-18
2807,-18
2808,-14
2809,-18
2810,-18
2811,-15
2812,-15
2813,-14
2814,-14
2815,-10
2816,-13
2817,-17
2818,-15
2819,-15
2820,-17
2821,-14
2822,-17
2823,-19
2824,-17
2825,-15
2826,-16
2827,-17
2828,-16
2829,-14
2830,-16
2831,-18
2832,-14
2833,-15
2834,-18
2835,-17
2836,-16
2837,-19
2838,-19
2839,-18
2840,-19
2841,-19
2842,-16
2843,-6
2844,-14
2845,-17
2846,-17
2847,-17
2848,-14
2849,-16
2850,-16
2851,-15
2852,-19
2853,-11
2854,-16
2855,-16
2856,-17
2857,-17
2858,-16
2859,-10
2860,-15
2861,-15
2862,-17
2863,-19
2864,-14
2865,-13
2866,-20
2867,-16
2868,-16
2869,-16
2870,-19
2871,-18
2872,-17
2873,-15
2874,-15
2875,-15
2876,-14
2877,-14
2878,-16
2879,-15
2880,-20
2881,-11
2882,-18
2883,-18
2884,-17
2885,-18
2886,-17
2887,-13
2888,-14
2889,-11
2890,-16
2891,-14
2892,-15
2893,-16
2894,-15
2895,-15
2896,-18
2897,-17
2898,-10
2899,-18
2900,-12
2901,-14
2902,-15
2903,-16
2904,-16
2905,-18
2906,-17
2907,-17
2908,-16
2909,-16
2910,-19
2911,-17
2912,-16
2913,-15
2914,-19
2915,-10
2916,-20
2917,-15
2918,-18
2919,-15
2920,-15
2921,-17
2922,-15
2923,-17
2924,-15
2925,-14
2926,-15
2927,-15
2928,-17
2929,-14
2930,-16
2931,-19
2932,-17
2933,-15
2934,-16
2935,-19
2936,-15
2937,-16
2938,-20
2939,-18
2940,-16
2941,-17
2942,-19
2943,-19
2944,-17
2945,-17
2946,-12
2947,-15
2948,-16
2949,-18
2950,-17
2951,-18
2952,-14
2953,-17
2954,-16
2955,-17
2956,-17
2957,-16
2958,-17
2959,-16
2960,-17
2961,-16
2962,-17
2963,-17
2964,-15
2965,-16
2966,-19
2967,-18
2968,-18
2969,-16
2970,-17
2971,-17
2972,-15
2973,-16
2974,-18
2975,-14
2976,-16
2977,-17
2978,-17
2979,-19
2980,-15
2981,-16
2982,-12
2983,-18
2984,-13
2985,-12
2986,-14
2987,-17
2988,-17
2989,-16
2990,-12
2991,-17
2992,-16
2993,-18
2994,-15
2995,-15
2996,-16
2997,-18
2998,-13
2999,-15
3000,-12
3001,-18
3002,-16
3003,-16
3004,-18
3005,-12
3006,-12
3007,-16
3008,-15
3009,-14
3010,-15
3011,-13
3012,-14
3013,-17
3014,-15
3015,-15
3016,-17
3017,-18
3018,-16
3019,-16
3020,-15
3021,-12
3022,-16
3023,-16
3024,-14
3025,-14
3026,-17
3027,-18
3028,-16
3029,-18
3030,-16
3031,-16
3032,-15
3033,-13
3034,-19
3035,-14
3036,-17
3037,-17
3038,-16
3039,-17
3040,-17
3041,-15
3042,-18
3043,-13
3044,-16
3045,-15
3046,-15
3047,-7
3048,-15
3049,-13
3050,-15
3051,-16
3052,-14
3053,-19
3054,-19
3055,-13
3056,-17
3057,-15
3058,-15
3059,-15
3060,-14
3061,-19
3062,-17
3063,-18
3064,-15
3065,-18
3066,-16
3067,-17
3068,-17
3069,-14
3070,-18
3071,-16
3072,-14
3073,-16
3074,-19
3075,-16
3076,-19
3077,-18
3078,-17
3079,-19
3080,-16
3081,-17
3082,-16
3083,-17
3084,-16
3085,-15
3086,-16
3087,-16
3088,-16
3089,-18
3090,-16
3091,-18
3092,-16
3093,-14
3094,-15
3095,-9
3096,-17
3097,-19
3098,-15
3099,-15
3100,-17
3101,-13
3102,-17
3103,-17
3104,-16
3105,-16
3106,-16
3107,-15
3108,-17
3109,-14
3110,-14
3111,-18
3112,-17
3113,-13
3114,-13
3115,-14
3116,-16
3117,-14
3118,-16
3119,-15
3120,-12
3121,-13
3122,-11
3123,-20
3124,-14
3125,-18
3126,-14
3127,-17
3128,-17
3129,-17
3130,-17
3131,-13
3132,-15
3133,-18
3134,-15
3135,-16
3136,-16
3137,-11
3138,-19
3139,-16
3140,-15
3141,-15
3142,-15
3143,-16
3144,-16
3145,-17
3146,-17
3147,-8
3148,-17
3149,-17
3150,-13
3151,-18
3152,-14
3153,-15
3154,-17
3155,-15
3156,-16
3157,-16
3158,-18
3159,-17
3160,-20
3161,-18
3162,-15
3163,-17
3164,-18
3165,-18
3166,-11
3167,-15
3168,-18
3169,-18
3170,-14
3171,-16
3172,-17
3173,-17
3174,-14
3175,-13
3176,-14
3177,-18
3178,-18
3179,-13
3180,-16
3181,-14
3182,-16
3183,-16
3184,-18
3185,-14
3186,-17
3187,-16
3188,-14
3189,-19
3190,-17
3191,-15
3192,-17
3193,-15
3194,-16
3195,-18
3196,-14
3197,-16
3198,-16
3199,-14
3200,-14
3201,-18
3202,-16
3203,-10
3204,-17
3205,-12
3206,-17
3207,-15
3208,-11
3209,-19
3210,-19
3211,-18
3212,-15
3213,-16
3214,-16
3215,-15
3216,-16
3217,-16
3218,-12
3219,-17
3220,-17
3221,-19
3222,-16
3223,-15
3224,-15
3225,-17
3226,-18
3227,-11
3228,-18
3229,-14
3230,-15
3231,-16
3232,-11
3233,-17
3234,-13
3235,-18
3236,-13
3237,-17
3238,-17
3239,-16
3240,-15
3241,-10
3242,-16
3243,-13
3244,-16
3245,-17
3246,-4
3247,-14
3248,-16
3249,-16
3250,-13
3251,-11
3252,-15
3253,-18
3254,-15
3255,-17
3256,-11
3257,-10
3258,-14
3259,-16
3260,-10
3261,-18
3262,-15
3263,-14
3264,-14
3265,-15
3266,-19
3267,-13
3268,-13
3269,-19
3270,-17
3271,-14
3272,-16
3273,-17
3274,-13
3275,-16
3276,-17
3277,-14
3278,-12
3279,-12
3280,-18
3281,-16
3282,-13
3283,-10
3284,-17
3285,-17
3286,-15
3287,-17
3288,-13
3289,-16
3290,-13
3291,-17
3292,-15
3293,-18
3294,-18
3295,-17
3296,-16
3297,-15
3298,-15
3299,-17
3300,-10
3301,-16
3302,-15
3303,-14
3304,-17
3305,-16
3306,-19
3307,-18
3308,-17
3309,-18
3310,-12
3311,-14
3312,-17
3313,-15
3314,-16
3315,-16
3316,-16
3317,-14
3318,-17
3319,-19
3320,-18
3321,-16
3322,-17
3323,-15
3324,-12
3325,-14
3326,-15
3327,-11
3328,-19
3329,-12
3330,-17
3331,-16
3332,-12
3333,-18
3334,-13
3335,-18
3336,-15
3337,-15
3338,-16
3339,-15
3340,-15
3341,-17
3342,-13
3343,-15
3344,-16
3345,-11
3346,-15
3347,-13
3348,-14
3349,-16
3350,-13
3351,-14
3352,-18
3353,-17
3354,-15
3355,-10
3356,-16
3357,-19
3358,-16
3359,-13
3360,-17
3361,-16
3362,-19
3363,-16
3364,-17
3365,-17
3366,-16
3367,-17
3368,-15
3369,-16
3370,-13
3371,-18
3372,-19
3373,-13
3374,-19
3375,-17
3376,-16
3377,-16
3378,-11
3379,-15
3380,-17
3381,-20
3382,-14
3383,-16
3384,-17
3385,-13
3386,-14
3387,-14
3388,-15
3389,-18
3390,-17
3391,-13
3392,-14
3393,-13
3394,-12
3395,-13
3396,-11
3397,-18
3398,-14
3399,-10
3400,-13
3401,-18
3402,-16
3403,-17
3404,-14
3405,-15
3406,-16
3407,-18
3408,-13
3409,-18
3410,-16
3411,-19
3412,-15
3413,-18
3414,-13
3415,-16
3416,-12
3417,-14
3418,-11
3419,-18
3420,-16
3421,-14
3422,-16
3423,-16
3424,-14
3425,-12
3426,-18
3427,-16
3428,-14
3429,-16
3430,-10
3431,-15
3432,-18
3433,-13
3434,-13
3435,-15
3436,-17
3437,-12
3438,-15
3439,-17
3440,-16
3441,-17
3442,-13
3443,-17
3444,-17
3445,-17
3446,-12
3447,-11
3448,-15
3449,-16
3450,-16
3451,-19
3452,-18
3453,-18
3454,-14
3455,-16
3456,-17
3457,-18
3458,-17
3459,-15
3460,-14
3461,-18
3462,-17
3463,-17
3464,-15
3465,-13
3466,-14
3467,-14
3468,-12
3469,-15
3470,-16
3471,-18
3472,-17
3473,-11
3474,-17
3475,-15
3476,-15
3477,-13
3478,-19
3479,-13
3480,-17
3481,-16
3482,-14
3483,-17
3484,-15
3485,-16
3486,-15
3487,-18
3488,-12
3489,-20
3490,-17
3491,-13
3492,-16
3493,-17
3494,-16
3495,-15
3496,-12
3497,-16
3498,-15
3499,-18
3500,-18
3501,-13
3502,-16
3503,-15
3504,-15
3505,-16
3506,-13
3507,-17
3508,-14
3509,-12
3510,-15
3511,-14
3512,-12
3513,-16
3514,-14
3515,-17
3516,-14
3517,-16
3518,-15
3519,-12
3520,-17
3521,-14
3522,-17
3523,-16
3524,-17
3525,-16
3526,-16
3527,-16
3528,-18
3529,-12
3530,-16
3531,-17
3532,-5
3533,-15
3534,-10
3535,-14
3536,-12
3537,-14
3538,-13
3539,-16
3540,-9
3541,-17
3542,-17
3543,-12
3544,-15
3545,-11
3546,-14
3547,-14
3548,-13
3549,-13
3550,-16
3551,-17
3552,-15
3553,-10
3554,-13
3555,-18
3556,-11
3557,-9
3558,-11
3559,-17
3560,-8
3561,-16
3562,-16
3563,-16
3564,-15
3565,-11
3566,-16
3567,-18
3568,-16
3569,-16
3570,-15
3571,-15
3572,-14
3573,-15
3574,-16
3575,-12
3576,-13
3577,-16
3578,-14
3579,-10
3580,-13
3581,-16
3582,-16
3583,-11
3584,-18
3585,-11
3586,-18
3587,-17
3588,-15
3589,-18
3590,-11
3591,-16
3592,-17
3593,-17
3594,-14
3595,-14
3596,-15
3597,-13
3598,-19
3599,-14
3600,-16
3601,-17
3602,-19
3603,-17
3604,-10
3605,-14
3606,-18
3607,-14
3608,-18
3609,-11
3610,-18
3611,-15
3612,-17
3613,-16
3614,-14
3615,-13
3616,-13
3617,-14
3618,-17
3619,-16
3620,-17
3621,-17
3622,-14
3623,-11
3624,-16
3625,-17
3626,-14
3627,-11
3628,-15
3629,-20
3630,-13
3631,-15
3632,-16
3633,-17
3634,-18
3635,-17
3636,-12
3637,-16
3638,-14
3639,-14
3640,-13
3641,-14
3642,-16
3643,-13
3644,-18
3645,-13
3646,-16
3647,-13
3648,-14
3649,-17
3650,-14
3651,-14
3652,-12
3653,-13
3654,-10
3655,-13
3656,-15
3657,-13
3658,-16
3659,-15
3660,-18
3661,-18
3662,-13
3663,-18
3664,-12
3665,-12
3666,-18
3667,-16
3668,-11
3669,-15
3670,-14
3671,-16
3672,-18
3673,-17
3674,-16
3675,-16
3676,-5
3677,-10
3678,-13
3679,-14
3680,-18
3681,-14
3682,-13
3683,-17
3684,-12
3685,-17
3686,-12
3687,-15
3688,-12
3689,-18
3690,-16
3691,-12
3692,-17
3693,-12
3694,-17
3695,-17
3696,-17
3697,-16
3698,-13
3699,-18
3700,-15
3701,-12
3702,-14
3703,-15
3704,-17
3705,-17
3706,-15
3707,-14
3708,-8
3709,-18
3710,-18
3711,-14
3712,-15
3713,-11
3714,-19
3715,-16
3716,-18
3717,-11
3718,-14
3719,-18
3720,-18
3721,-11
3722,-18
3723,-17
3724,-15
3725,-18
3726,-16
3727,-16
3728,-9
3729,-8
3730,-18
3731,-16
3732,-14
3733,-12
3734,-18
3735,-15
3736,-12
3737,-16
3738,-15
3739,-16
3740,-15
3741,-17
3742,-16
3743,-19
3744,-14
3745,-16
3746,-15
3747,-12
3748,-16
3749,-18
3750,-18
3751,-16
3752,-12
3753,-15
3754,-12
3755,-16
3756,-13
3757,-14
3758,-17
3759,-16
3760,-16
3761,-18
3762,-12
3763,-17
3764,-17
3765,-18
3766,-15
3767,-17
3768,-15
3769,-19
3770,-16
3771,-16
3772,-13
3773,-15
3774,-14
3775,-16
3776,-14
3777,-15
3778,-16
3779,-16
3780,-13
3781,-12
3782,-19
3783,-18
3784,-14
3785,-9
3786,-15
3787,-16
3788,-18
3789,-16
3790,-12
3791,-16
3792,-14
3793,-19
3794,-16
3795,-15
3796,-17
3797,-15
3798,-15
3799,-16
3800,-20
3801,-16
3802,-18
3803,-19
3804,-18
3805,-15
3806,-6
3807,-14
3808,-14
3809,-16
3810,-13
3811,-15
3812,-18
3813,-13
3814,-11
3815,-14
3816,-15
3817,-11
3818,-16
3819,-15
3820,-17
3821,-17
3822,-12
3823,-17
3824,-18
3825,-10
3826,-13
3827,-16
3828,-13
3829,-16
3830,-14
3831,-13
3832,-10
3833,-15
3834,-18
3835,-14
3836,-12
3837,-16
3838,-16
3839,-18
3840,-17
3841,-12
3842,-18
3843,-18
3844,-11
3845,-18
3846,-14
3847,-12
3848,-16
3849,-11
3850,-11
3851,-16
3852,-11
3853,-13
3854,-13
3855,-15
3856,-14
3857,-5
3858,-16
3859,-15
3860,-13
3861,-14
3862,-13
3863,-17
3864,-17
3865,-18
3866,-17
3867,-14
3868,-17
3869,-15
3870,-15
3871,-15
3872,-10
3873,-18
3874,-14
3875,-14
3876,-12
3877,-13
3878,-10
3879,-18
3880,-18
3881,-13
3882,-18
3883,-14
3884,-18
3885,-12
3886,-20
3887,-17
3888,-14
3889,-11
3890,-15
3891,-11
3892,-16
3893,-17
3894,-16
3895,-13
3896,-13
3897,-15
3898,-10
3899,-13
3900,-14
3901,-16
3902,-14
3903,-16
3904,-14
3905,-16
3906,-17
3907,-13
3908,-13
3909,-14
3910,-17
3911,-12
3912,-11
3913,-18
3914,-14
3915,-16
3916,-14
3917,-17
3918,-17
3919,-15
3920,-16
3921,-16
3922,-16
3923,-17
3924,-16
3925,-14
3926,-13
3927,-13
3928,-9
3929,-14
3930,-18
3931,-14
3932,-13
3933,-13
3934,-12
3935,-19
3936,-15
3937,-17
3938,-19
3939,-15
3940,-12
3941,-13
3942,-14
3943,-13
3944,-13
3945,-16
3946,-12
3947,-19
3948,-16
3949,-9
3950,-14
3951,-17
3952,-17
3953,-15
3954,-13
3955,-13
3956,-15
3957,-18
3958,-16
3959,-17
3960,-16
3961,-15
3962,-13
3963,-12
3964,-15
3965,-13
3966,-11
3967,-14
3968,-16
3969,-17
3970,-10
3971,-15
3972,-13
3973,-15
3974,-15
3975,-14
3976,-8
3977,-17
3978,-10
3979,-18
3980,-13
3981,-16
3982,-14
3983,-2
3984,-14
3985,-15
3986,-11
3987,-13
3988,-10
3989,-14
3990,-15
3991,-17
3992,-15
3993,-11
3994,-16
3995,-10
3996,-16
3997,-17
3998,-15
3999,-17
4000,-11
4001,-20
4002,-16
4003,-15
4004,-17
4005,-17
4006,-18
4007,-15
4008,-16
4009,-17
4010,-16
4011,-18
4012,-18
4013,-18
4014,-16
4015,-7
4016,-12
4017,-16
4018,-17
4019,-14
4020,-10
4021,-11
4022,-11
4023,-12
4024,-17
4025,-14
4026,-16
4027,-14
4028,-17
4029,-14
4030,-14
4031,-16
4032,-14
4033,-15
4034,-8
4035,-16
4036,-17
4037,-8
4038,-10
4039,-17
4040,-15
4041,-13
4042,-3
4043,-17
4044,-16
4045,-14
4046,-15
4047,-12
4048,-14
4049,-12
4050,-16
4051,-12
4052,-15
4053,-4
4054,-11
4055,-14
4056,-19
4057,-13
4058,-14
4059,-14
4060,-14
4061,-15
4062,-14
4063,-17
4064,-16
4065,-15
4066,-19
4067,-8
4068,-18
4069,-14
4070,-16
4071,-17
4072,-13
4073,-16
4074,-17
4075,-11
4076,-16
4077,-13
4078,-11
4079,-15
4080,-17
4081,-11
4082,-17
4083,-14
4084,-14
4085,-14
4086,-9
4087,-16
4088,-12
4089,-17
4090,-14
4091,-14
4092,-15
4093,-10
4094,-16
4095,-17
4096,-14
4097,-13
4098,-16
4099,-18
4100,-18
4101,-14
4102,-14
4103,-16
4104,-13
4105,-16
4106,-17
4107,-20
4108,-12
4109,-16
4110,-19
4111,-15
4112,-11
4113,-16
4114,-18
4115,-12
4116,-19
4117,-9
4118,-16
4119,-10
4120,-14
4121,-18
4122,-15
4123,-15
4124,-16
4125,-14
4126,-13
4127,-16
4128,-10
4129,-15
4130,-14
4131,-12
4132,-14
4133,-12
4134,-15
4135,-13
4136,-14
4137,-18
4138,-20
4139,-13
4140,-13
4141,-15
4142,-14
4143,-17
4144,-14
4145,-15
4146,-11
4147,-13
4148,-15
4149,-14
4150,-15
4151,-19
4152,-14
4153,-15
4154,-16
4155,-2
4156,-14
4157,-17
4158,-18
4159,-15
4160,-17
4161,-17
4162,-17
4163,-15
4164,-12
4165,-14
4166,-20
4167,-17
4168,-17
4169,-8
4170,-9
4171,-16
4172,-14
4173,-14
4174,-10
4175,-13
4176,-15
4177,-17
4178,-17
4179,-9
4180,-16
4181,-16
4182,-17
4183,-11
4184,-16
4185,-16
4186,-15
4187,-17
4188,-10
4189,-13
4190,-19
4191,-10
4192,-15
4193,-14
4194,-15
4195,-16
4196,-11
4197,-18
4198,-12
4199,-15
4200,-13
4201,-12
4202,-12
4203,-17
4204,-5
4205,-19
4206,-17
4207,-14
4208,-18
4209,-12
4210,-12
4211,-18
4212,-15
4213,-14
4214,-13
4215,-11
4216,-14
4217,-11
4218,-16
4219,-15
4220,-14
4221,-18
4222,-15
4223,-17
4224,-18
4225,-16
4226,-11
4227,-14
4228,-15
4229,-18
4230,-16
4231,-15
4232,-15
4233,-16
4234,-15
4235,-15
4236,-17
4237,-15
4238,-14
4239,-18
4240,-17
4241,-15
4242,-16
4243,-17
4244,-15
4245,-13
4246,-13
4247,-16
4248,-15
4249,-18
4250,-15
4251,-17
4252,-17
4253,-16
4254,-17
4255,-15
4256,-20
4257,-16
4258,-17
4259,-14
4260,-15
4261,-19
4262,-18
4263,-14
4264,-16
4265,-12
4266,-13
4267,-15
4268,-18
4269,-12
4270,-16
4271,-15
4272,-17
4273,-17
4274,-16
4275,-13
4276,-17
4277,-15
4278,-14
4279,-8
4280,-11
4281,-15
4282,-12
4283,-17
4284,-18
4285,-17
4286,-13
4287,-15
4288,-16
4289,-14
4290,-9
4291,-16
4292,-13
4293,-18
4294,-13
4295,-13
4296,-15
4297,-14
4298,-17
4299,-14
4300,-5
4301,-9
4302,-17
4303,-15
4304,-20
4305,-15
4306,-18
4307,-17
4308,-17
4309,-13
4310,-13
4311,-16
4312,-10
4313,-17
4314,-8
4315,-13
4316,-10
4317,-16
4318,-16
4319,-11
4320,-16
4321,-10
4322,-12
4323,-12
4324,-10
4325,-11
4326,-16
4327,-16
4328,-11
4329,-12
4330,-14
4331,-18
4332,-13
4333,-8
4334,-13
4335,-7
4336,-13
4337,-13
4338,-14
4339,-12
4340,-12
4341,-15
4342,-17
4343,-15
4344,-15
4345,-16
4346,-16
4347,-12
4348,-11
4349,-18
4350,-11
4351,-17
4352,-12
4353,-12
4354,-16
4355,-11
4356,-15
4357,-8
4358,-17
4359,-16
4360,-12
4361,-14
4362,-15
4363,-11
4364,-14
4365,-16
4366,-17
4367,-12
4368,-17
4369,-14
4370,-10
4371,-15
4372,-16
4373,-12
4374,-9
4375,-14
4376,-12
4377,-16
4378,-17
4379,-11
4380,-16
4381,-13
4382,-16
4383,-15
4384,-15
4385,-17
4386,-13
4387,-19
4388,-14
4389,-11
4390,-18
4391,-10
4392,-14
4393,-17
4394,-13
4395,-16
4396,-13
4397,-16
4398,-14
4399,-15
4400,-15
4401,-16
4402,-11
4403,-15
4404,-10
4405,-16
4406,-6
4407,-12
4408,-11
4409,-17
4410,-16
4411,-14
4412,-17
4413,-18
4414,-16
4415,-10
4416,-15
4417,-9
4418,-17
4419,-12
4420,-15
4421,-18
4422,-14
4423,-13
4424,-13
4425,-15
4426,-8
4427,-12
4428,-12
4429,-13
4430,-15
4431,-16
4432,-17
4433,-16
4434,-14
4435,-10
4436,-18
4437,-14
4438,-13
4439,-10
4440,-14
4441,-18
4442,-9
4443,-13
4444,-10
4445,-15
4446,-13
4447,-14
4448,-13
4449,-7
4450,-16
4451,-14
4452,-15
4453,-15
4454,-14
4455,-16
4456,-11
4457,-16
4458,-10
4459,-9
4460,-11
4461,-11
4462,-15
4463,-15
4464,-17
4465,-16
4466,-16
4467,-15
4468,-11
4469,-13
4470,-9
4471,-17
4472,-11
4473,-13
4474,-8
4475,-15
4476,-14
4477,-15
4478,-13
4479,-11
4480,-16
4481,-15
4482,-16
4483,-13
4484,-14
4485,-13
4486,-16
4487,-6
4488,-17
4489,-14
4490,-14
4491,-11
4492,-16
4493,-14
4494,-19
4495,-11
4496,-7
4497,-13
4498,-16
4499,-13
4500,-18
4501,-15
4502,-15
4503,-11
4504,-11
4505,-16
4506,-9
4507,-13
4508,-13
4509,-17
4510,-15
4511,-13
4512,-12
4513,-19
4514,-13
4515,-11
4516,-13
4517,-12
4518,-9
4519,-10
4520,-15
4521,-12
4522,-14
4523,-17
4524,-14
4525,-14
4526,-7
4527,-15
4528,-12
4529,-18
4530,-13
4531,-15
4532,-10
4533,-14
4534,-14
4535,-11
4536,-15
4537,-9
4538,-18
4539,-17
4540,-14
4541,-9
4542,-14
4543,-15
4544,-17
4545,-8
4546,-11
4547,-13
4548,-13
4549,-13
4550,-11
4551,-15
4552,-17
4553,-16
4554,-17
4555,-17
4556,-14
4557,-17
4558,-17
4559,-15
4560,-15
4561,-18
4562,-18
4563,-12
4564,-17
4565,-17
4566,-2
4567,-17
4568,-11
4569,-15
4570,-16
4571,-12
4572,-9
4573,-13
4574,-11
4575,-17
4576,-16
4577,-15
4578,-19
4579,-16
4580,-10
4581,-11
4582,-17
4583,-13
4584,-12
4585,-16
4586,-12
4587,-16
4588,-13
4589,-17
4590,-15
4591,-12
4592,-13
4593,-15
4594,-13
4595,-19
4596,-8
4597,-11
4598,-16
4599,-10
4600,-16
4601,-14
4602,-12
4603,-14
4604,-16
4605,-14
4606,-13
4607,-12
4608,-14
4609,-18
4610,-12
4611,-14
4612,-11
4613,-11
4614,-16
4615,-6
4616,-10
4617,-13
4618,-19
4619,-13
4620,-11
4621,-14
4622,-18
4623,-17
4624,-11
4625,-10
4626,-13
4627,-14
4628,-15
4629,-19
4630,-15
4631,-15
4632,-13
4633,-13
4634,-18
4635,-13
4636,-14
4637,-10
4638,-13
4639,-10
4640,-7
4641,-9
4642,-1
4643,-14
4644,-15
4645,-17
4646,-16
4647,-12
4648,-10
4649,-8
4650,-15
4651,-13
4652,-16
4653,-14
4654,-10
4655,-16
4656,-17
4657,-13
4658,-13
4659,-15
4660,-12
4661,-15
4662,-16
4663,-11
4664,-15
4665,-13
4666,-15
4667,-14
4668,-18
4669,-8
4670,-12
4671,-16
4672,-17
4673,-15
4674,-10
4675,-18
4676,-16
4677,-12
4678,-13
4679,-15
4680,-9
4681,-15
4682,-11
4683,-18
4684,-16
4685,-11
4686,-17
4687,-18
4688,-10
4689,-13
4690,-8
4691,-14
4692,-14
4693,-15
4694,-17
4695,-13
4696,-13
4697,-16
4698,-16
4699,-16
4700,-13
4701,-16
4702,-13
4703,-15
4704,-14
4705,-17
4706,-17
4707,-15
4708,-13
4709,-10
4710,-17
4711,-17
4712,-18
4713,-16
4714,-13
4715,-8
4716,-17
4717,-16
4718,-9
4719,-16
4720,-13
4721,-14
4722,-8
4723,-18
4724,-20
4725,-16
4726,-16
4727,-2
4728,-18
4729,-14
4730,-14
4731,-18
4732,-9
4733,-14
4734,-13
4735,-8
4736,-16
4737,-12
4738,-13
4739,-14
4740,-14
4741,-8
4742,-18
4743,-15
4744,-16
4745,-13
4746,-10
4747,-13
4748,-19
4749,-16
4750,-17
4751,-17
4752,-11
4753,-17
4754,-18
4755,-11
4756,-1
4757,-19
4758,-14
4759,-14
4760,-18
4761,-16
4762,-14
4763,-15
4764,-9
4765,-17
4766,-13
4767,-17
4768,-12
4769,-17
4770,-11
4771,-11
4772,-16
4773,-8
4774,-8
4775,-15
4776,-7
4777,-18
4778,-17
4779,-13
4780,-13
4781,-11
4782,-8
4783,-15
4784,-9
4785,-11
4786,-12
4787,-12
4788,-16
4789,-14
4790,-13
4791,-18
4792,-12
4793,-10
4794,-12
4795,-11
4796,-14
4797,-15
4798,-14
4799,-6
4800,-11
4801,-11
4802,-12
4803,-13
4804,-15
4805,-7
4806,-10
4807,-11
4808,-17
4809,-14
4810,-17
4811,-16
4812,-13
4813,-16
4814,-12
4815,-13
4816,-13
4817,-8
4818,-14
4819,-15
4820,-12
4821,-16
4822,-11
4823,-8
4824,-19
4825,-11
4826,-12
4827,-13
4828,-7
4829,-18
4830,-12
4831,-10
4832,-12
4833,-15
4834,-12
4835,-12
4836,-16
4837,-12
4838,-13
4839,-17
4840,-17
4841,-11
4842,-17
4843,-13
4844,-11
4845,-11
4846,-15
4847,-10
4848,-12
4849,-8
4850,-16
4851,-16
4852,-13
4853,-11
4854,-14
4855,-11
4856,-14
4857,-16
4858,-7
4859,-11
4860,-14
4861,-16
4862,-17
4863,-16
4864,-15
4865,-12
4866,-16
4867,-17
4868,-16
4869,-13
4870,-16
4871,-13
4872,-14
4873,-17
4874,-18
4875,-4
4876,-17
4877,-14
4878,-16
4879,-14
4880,-18
4881,-18
4882,-19
4883,-16
4884,-8
4885,-18
4886,-15
4887,-11
4888,-20
4889,-15
4890,-16
4891,-16
4892,-14
4893,-15
4894,-15
4895,-15
4896,-15
4897,-16
4898,-19
4899,-10
4900,-10
4901,-13
4902,-16
4903,-13
4904,-8
4905,-17
4906,-20
4907,-17
4908,-11
4909,-13
4910,-12
4911,-12
4912,-15
4913,-10
4914,-12
4915,-14
4916,-12
4917,-12
4918,-17
4919,-14
4920,-15
4921,-14
4922,-16
4923,-14
4924,-11
4925,-16
4926,-15
4927,-14
4928,-10
4929,-9
4930,-16
4931,-17
4932,-17
4933,-9
4934,-13
4935,-11
4936,-12
4937,-12
4938,-17
4939,-17
4940,-10
4941,-20
4942,-12
4943,-12
4944,-14
4945,-15
4946,-15
4947,-11
4948,-11
4949,-16
4950,-15
4951,-16
4952,-15
4953,-1
4954,-15
4955,-14
4956,-11
4957,-14
4958,-17
4959,-11
4960,-13
4961,-15
4962,-12
4963,-18
4964,-15
4965,-12
4966,-15
4967,-15
4968,-12
4969,-14
4970,-9
4971,-15
4972,-16
4973,-14
4974,-14
4975,-17
4976,-11
4977,-14
4978,-13
4979,-18
4980,-12
4981,-8
4982,-19
4983,-14
4984,-15
4985,-15
4986,-15
4987,-12
4988,-13
4989,-15
4990,-17
4991,-12
4992,-12
4993,-16
4994,-11
4995,-11
4996,-15
4997,-7
4998,-11
4999,-15
5000,-19
5001,-9
Average,-16.9608
Max,0